ajnart/homarr/homarr
amacneil/dbmate/dbmate
anchore/grype/grype
anchore/syft/syft
aquasecurity/trivy/trivy
arevindh/pihole-speedtest/pihole-speedtest
argoproj/argo-cd/argo-cd%2Fargocd
authelia/authelia/authelia
benbusby/whoogle-search/whoogle-search
br3ndonland/inboard/inboard
browserless/browserless/firefox
containerd/containerd/busybox
containrrr/watchtower/watchtower
coollabsio/coolify/coolify
dani-garcia/vaultwarden/vaultwarden
docker-mailserver/docker-mailserver/docker-mailserver
dockur/windows/windows
drakkan/sftpgo/sftpgo
eggplants/ghcr-badge/ghcr-badge
emissary-ingress/emissary/emissary
fission/fission/fission-bundle
FlareSolverr/FlareSolverr/flaresolverr
gethomepage/homepage/homepage
gogs/gogs/gogs
home-assistant/operating-system/haos-builder
hugomods/docker/hugo
k3d-io/k3d/k3d-tools
ko-build/ko/ko
labring/sealos/sealos-patch
Lissy93/dashy/dashy
LizardByte/Sunshine/sunshine
m1k1o/neko/neko%2Fxfce
macbre/push-to-ghcr/push-to-ghcr
Mailu/Mailu/clamav
mastodon/mastodon/mastodon
mealie-recipes/mealie/mealie
n8n-io/n8n/n8n
netdata/netdata/netdata
nginx-proxy/acme-companion/acme-companion
nginx-proxy/docker-gen/docker-gen
nginx-proxy/nginx-proxy/nginx-proxy
nicolaka/netshoot/netshoot
openfaas/faas/basic-auth
pi-hole/docker-pi-hole/pihole
plankanban/planka/planka
QuivrHQ/quivr/quivr
ropenttd/docker_openttd/openttd
screego/server/server
serge-chat/serge/serge
Stirling-Tools/Stirling-PDF/s-pdf
TandoorRecipes/recipes/recipes
telekom-security/tpotce/conpot
timeplus-io/proton/proton
TwiN/gatus/gatus
usememos/memos/memos
dockur/tor/tor
dockur/snort/snort
dockur/strfry/strfry
dockur/munin/munin
dockur/macos/macos
dockur/samba/samba
dockur/chrony/chrony
dockur/lemmy/lemmy
dockur/lemmy-ui/lemmy-ui
dockur/statping/statping
dockur/dnsmasq/dnsmasq
dockur/windows-arm/windows-arm
dockur/portainer-backup/portainer-backup
dobtc/bitcoin/bitcoin
dobtc/lndmanage/lndmanage
dobtc/btc-rpc-proxy/btc-rpc-proxy
qemus/qemu-arm/qemu-arm
qemus/qemu-host/qemu-host
qemus/qemu-docker/qemu-docker
